{"cameraMode":{"drawMode":0,"name":"Shaded","section":"Shading Mode"},"sceneLighting":true,"audioPlay":false,"sceneViewState":{"showFog":false,"showMaterialUpdate":false,"showSkybox":false,"showFlares":false,"showImageEffects":false,"showParticleSystems":false},"in2DMode":false,"pivot":{"x":14.43329906463623,"y":-5.091679573059082,"z":-31.76297378540039},"rotation":{"x":0.019882792606949807,"y":0.925006628036499,"z":-0.37633994221687319,"w":0.04888365417718887},"size":26.441740036010743,"orthographic":false}