{"cameraMode":{"drawMode":0,"name":"Shaded","section":"Shading Mode"},"sceneLighting":true,"audioPlay":false,"sceneViewState":{"showFog":false,"showMaterialUpdate":false,"showSkybox":false,"showFlares":false,"showImageEffects":false,"showParticleSystems":false},"in2DMode":false,"pivot":{"x":-13.672855377197266,"y":-2.8145618438720705,"z":1.5407545566558838},"rotation":{"x":-0.1334766298532486,"y":0.6891741156578064,"z":-0.13138486444950105,"w":-0.7000143527984619},"size":50.11638641357422,"orthographic":false}